{
    "OTIO_SCHEMA" : "PluginManifest.1",
    "adapters": [
        {
            "OTIO_SCHEMA": "Adapter.1",
            "name": "fcp_xml",
            "execution_scope": "in process",
            "filepath": "fcp_xml.py",
            "suffixes": ["xml"]
        },
        {
            "OTIO_SCHEMA" : "Adapter.1",
            "name" : "otio_json",
            "execution_scope" : "in process",
            "filepath" : "otio_json.py",
            "suffixes" : ["otio"]
        },
        {
            "OTIO_SCHEMA" : "Adapter.1",
            "name" : "cmx_3600",
            "execution_scope" : "in process",
            "filepath" : "cmx_3600.py",
            "suffixes" : ["edl"]
        }
    ],
    "hooks": {
        "post_adapter_read" : [],
        "post_media_linker" : [],
        "pre_adapter_write" : [],
        "post_adapter_write" : []
    }
}
